City_ID,City,Country,Lat,Lng,Max Temp,Humidity,Cloudiness,Wind Speed,Date
86,Araouane,ML,18.9048,-3.5265,108.28,11,4,6.42,6/22/2022 14:41
266,Arlit,NE,18.7369,7.3853,107.96,10,7,7.09,6/22/2022 14:42
431,Goundam,ML,16.4145,-3.6708,106.93,14,22,8.48,6/22/2022 14:44
487,Sabha,LY,27.0377,14.4283,103.86,9,0,10.31,6/22/2022 14:44
608,Aswan,EG,24.0934,32.907,103.3,10,0,16.11,6/22/2022 14:46
270,Najran,SA,17.4924,44.1277,102.85,6,39,17.18,6/22/2022 14:42
84,Tandalti,SD,13.0167,31.8667,102.33,18,1,5.32,6/22/2022 14:41
349,Kant,IN,27.8,79.8,100.76,25,57,6.58,6/22/2022 14:43
572,Chandla,IN,25.0833,80.2,100.49,29,94,5.21,6/22/2022 14:45
531,Sokolo,ML,14.7328,-6.1219,99.84,26,54,8.5,6/22/2022 14:45
350,Constantine,DZ,36.365,6.6147,99.81,18,0,9.22,6/22/2022 14:41
591,Ibra,OM,22.6906,58.5334,99.61,23,37,9.19,6/22/2022 14:45
672,Adrar,MR,20.5022,-10.0711,99.52,23,3,11.23,6/22/2022 14:46
39,Atar,MR,20.5169,-13.0499,98.4,29,7,7.43,6/22/2022 14:40
369,Shetpe,KZ,44.1667,52.1167,97.65,11,81,15.93,6/22/2022 14:43
330,Minab,IR,27.1467,57.0801,97.12,49,0,9.22,6/22/2022 14:43
610,Jalu,LY,29.0331,21.5482,96.69,15,0,10.92,6/22/2022 14:46
242,Kita,ML,13.0349,-9.4895,96.55,31,58,5.19,6/22/2022 14:42
365,Awjilah,LY,29.1081,21.2869,96.53,15,0,11.21,6/22/2022 14:43
319,Sawakin,SD,19.1059,37.3321,95.47,50,23,12.46,6/22/2022 14:43
71,Nioro,GM,13.35,-15.75,95.16,40,80,6.42,6/22/2022 14:41
569,Doka,SD,13.5167,35.7667,93.67,33,36,6.87,6/22/2022 14:45
505,Dinguiraye,GN,11.3,-10.7167,93.6,32,35,6.73,6/22/2022 14:45
533,Niamey,NE,13.5137,2.1098,93.49,33,0,10.36,6/22/2022 14:41
166,Asyut,EG,27.181,31.1837,93.38,16,0,19.13,6/22/2022 14:41
171,Bosaso,SO,11.2842,49.1816,92.95,47,93,4.83,6/22/2022 14:41
485,Koutiala,ML,12.3917,-5.4642,92.82,39,27,4.52,6/22/2022 14:44
477,Sakakah,SA,29.9697,40.2064,92.77,16,0,17.63,6/22/2022 14:44
347,Kuryk,KZ,43.2,51.65,92.75,22,30,6.2,6/22/2022 14:43
476,Sur,OM,22.5667,59.5289,92.28,59,1,14.61,6/22/2022 14:44
368,Cairo,EG,30.0626,31.2497,92.16,31,20,12.66,6/22/2022 14:42
576,Kaka,TM,37.3482,59.6143,91.81,13,0,18.19,6/22/2022 14:45
44,Semey,KZ,50.4111,80.2275,91.62,24,0,11.18,6/22/2022 14:40
665,Oussouye,SN,12.485,-16.5469,91.58,44,100,6.2,6/22/2022 14:46
632,Ismailia,EG,30.6043,32.2723,91.47,38,0,11.5,6/22/2022 14:46
486,Hami,CN,42.8,93.45,91.2,11,54,5.03,6/22/2022 14:44
713,Coolidge,US,32.9778,-111.5176,90.68,39,0,8.05,6/22/2022 14:47
265,Avera,US,33.194,-82.5271,90.37,26,60,4.81,6/22/2022 14:42
304,Las Vegas,US,36.175,-115.1372,90.28,22,0,10.36,6/22/2022 14:42
598,Palestrina,IT,41.8355,12.889,90.18,38,97,5.01,6/22/2022 14:45
675,Corinto,GR,37.9407,22.9573,89.89,59,0,1.01,6/22/2022 14:46
594,Zhezkazgan,KZ,47.8043,67.7144,89.58,18,0,11.18,6/22/2022 14:41
502,Nouakchott,MR,18.0858,-15.9785,89.53,70,53,15.17,6/22/2022 14:40
274,Beboto,TD,8.2668,16.939,89.22,53,48,2.01,6/22/2022 14:42
579,Methoni,GR,36.8197,21.7049,89.22,69,0,14.36,6/22/2022 14:45
362,San Lawrenz,MT,36.0553,14.204,89.01,72,0,5.7,6/22/2022 14:43
68,Kahta,TR,37.7855,38.6237,88.97,22,2,18.59,6/22/2022 14:41
315,Hamilton,US,39.1834,-84.5333,88.95,66,0,9.22,6/22/2022 14:39
104,Siderno,IT,38.2779,16.302,88.86,39,0,5.79,6/22/2022 14:41
348,Rincon,US,32.296,-81.2354,88.86,54,75,6.91,6/22/2022 14:41
292,Beinamar,TD,8.6698,15.3813,88.75,47,99,4.25,6/22/2022 14:43
635,Sinjar,IQ,36.3209,41.8754,88.72,21,0,10.31,6/22/2022 14:46
127,Pauini,BR,-7.7136,-66.9764,88.59,53,20,1.99,6/22/2022 14:41
144,Khash,IR,28.2211,61.2158,88.52,13,40,2.75,6/22/2022 14:41
159,Alanya,TR,36.5438,31.9998,87.93,57,5,4.99,6/22/2022 14:41
178,San Patricio,US,28.017,-97.5169,87.91,53,1,7.36,6/22/2022 14:42
128,Hope,US,33.6671,-93.5916,87.85,55,0,0.16,6/22/2022 14:41
681,New Philadelphia,US,40.4898,-81.4457,87.85,61,0,5.75,6/22/2022 14:46
217,Cayenne,GF,4.9333,-52.3333,87.84,62,75,3.44,6/22/2022 14:40
586,Urucara,BR,-2.5364,-57.76,87.78,52,59,3.27,6/22/2022 14:45
197,Madingou,CG,-4.1536,13.55,87.67,44,20,4.16,6/22/2022 14:42
553,Xapuri,BR,-10.6517,-68.5044,87.66,47,63,1.07,6/22/2022 14:45
604,Korla,CN,41.7597,86.1469,87.62,14,98,6.33,6/22/2022 14:46
599,Fort Smith,US,35.3859,-94.3986,87.39,71,0,4.61,6/22/2022 14:45
201,Twentynine Palms,US,34.1356,-116.0542,86.83,26,80,1.99,6/22/2022 14:40
545,Vila Do Maio,CV,15.1333,-23.2167,86.79,85,97,7,6/22/2022 14:45
190,Mushie,CD,-3.0167,16.9,86.56,49,97,2.21,6/22/2022 14:42
318,Sobral,BR,-3.6861,-40.3497,86.56,47,41,7,6/22/2022 14:43
525,Praia,CV,14.9215,-23.5087,86.54,62,75,16.11,6/22/2022 14:41
206,Oriximina,BR,-1.7656,-55.8661,86.52,56,41,6.38,6/22/2022 14:41
2,Cabo San Lucas,MX,22.8909,-109.9124,86.5,53,22,7.36,6/22/2022 14:38
488,Lukang,TW,24.0567,120.4352,86.43,75,100,7.05,6/22/2022 14:45
384,Soller,ES,39.7662,2.7152,86.34,60,1,3,6/22/2022 14:44
483,Panaba,MX,21.2833,-88.2667,86.31,59,13,8.41,6/22/2022 14:44
508,Garowe,SO,8.4054,48.4845,86.23,38,100,23.98,6/22/2022 14:45
303,Port-De-Bouc,FR,43.4,4.9833,86.22,49,0,12.66,6/22/2022 14:43
278,Sal Rei,CV,16.1833,-22.9167,86.2,66,75,16.11,6/22/2022 14:43
653,Bangassou,CF,4.7413,22.8184,86.16,58,32,3.56,6/22/2022 14:46
500,Lewistown,US,40.5992,-77.5714,86.11,91,0,0,6/22/2022 14:45
147,Edgewater,US,28.9889,-80.9023,86.09,61,0,5.75,6/22/2022 14:38
501,Salalah,OM,17.0151,54.0924,86.09,79,75,11.5,6/22/2022 14:43
107,Santa Marta,CO,11.2408,-74.199,86.05,70,75,4.61,6/22/2022 14:41
138,Mazagao,BR,-0.115,-51.2894,86.05,68,91,5.14,6/22/2022 14:41
203,Bachaquero,VE,9.9694,-71.1494,86.04,66,53,7.18,6/22/2022 14:42
214,Road Town,VG,18.4167,-64.6167,86.04,62,20,8.05,6/22/2022 14:38
669,Abu Samrah,SY,35.3029,37.1841,86.04,35,28,19.8,6/22/2022 14:46
119,Okmulgee,US,35.6234,-95.9605,86.02,83,0,3.44,6/22/2022 14:41
295,Taybad,IR,34.74,60.7756,85.82,14,0,6.69,6/22/2022 14:43
355,Black River,JM,18.0264,-77.8487,85.66,57,41,3.67,6/22/2022 14:43
677,Saurimo,AO,-9.6608,20.3916,85.59,24,5,0.47,6/22/2022 14:46
470,Malanje,AO,-9.5402,16.341,85.51,26,18,1.32,6/22/2022 14:44
99,Aksu,CN,41.1231,80.2644,85.39,19,48,6.15,6/22/2022 14:41
163,Victoria,HK,22.2855,114.1577,85.32,82,80,8.01,6/22/2022 14:40
340,Madera,US,37.1666,-119.8343,85.24,27,89,1.01,6/22/2022 14:43
473,Shenzhen,CN,22.5455,114.0683,85.21,94,61,5.93,6/22/2022 14:44
663,Osterburg,DE,52.7833,11.7667,85.21,21,1,6.6,6/22/2022 14:46
140,Old Town,CZ,50.087,14.4202,85.15,35,0,6.91,6/22/2022 14:41
286,Boppard,DE,50.2308,7.5899,85.14,56,100,1.41,6/22/2022 14:43
601,Erzin,TR,36.9559,36.2,85.12,46,2,6.53,6/22/2022 14:46
618,Lethem,GY,3.3803,-59.7968,85.12,64,9,3.22,6/22/2022 14:46
66,Jamestown,US,42.097,-79.2353,85.05,63,0,9.22,6/22/2022 14:37
288,Iturama,BR,-19.7281,-50.1956,85.03,28,37,10.25,6/22/2022 14:40
301,Fort Myers Beach,US,26.452,-81.9481,85.01,70,0,5.99,6/22/2022 14:43
18,Lady Lake,US,28.9175,-81.9229,84.94,62,75,4.61,6/22/2022 14:37
331,Anahuac,MX,27.2333,-100.15,84.9,58,23,16.04,6/22/2022 14:43
8,Georgetown,MY,5.4112,100.3354,84.88,79,20,7,6/22/2022 14:39
152,Bathsheba,BB,13.2167,-59.5167,84.81,74,40,17.27,6/22/2022 14:41
619,Qarqin,AF,37.4185,66.0436,84.56,21,53,15.55,6/22/2022 14:46
92,Hithadhoo,MV,-0.6,73.0833,84.54,66,21,5.61,6/22/2022 14:41
344,Aquiraz,BR,-3.9014,-38.3911,84.45,70,87,12.17,6/22/2022 14:43
377,Sahuaripa,MX,29.05,-109.2333,84.31,50,3,2.57,6/22/2022 14:43
358,Puerto Colombia,CO,10.9878,-74.9547,84.29,73,89,2.95,6/22/2022 14:43
682,Pachino,IT,36.7186,15.0907,84.27,49,0,20.83,6/22/2022 14:46
326,Nuevitas,CU,21.5453,-77.2644,84.25,64,57,8.61,6/22/2022 14:43
479,Farah,AF,32.5,62.5,84.22,10,0,3,6/22/2022 14:44
607,Mahajanga,MG,-15.7167,46.3167,84.22,34,40,8.05,6/22/2022 14:46
623,Kalmunai,LK,7.4167,81.8167,84.2,71,100,2.59,6/22/2022 14:46
73,Cockburn Town,TC,21.4612,-71.1419,84.16,61,40,6.91,6/22/2022 14:41
444,Guasdualito,VE,7.2424,-70.7324,84.16,94,40,2.3,6/22/2022 14:44
433,Big Spring,US,32.2504,-101.4787,84.11,50,0,10.36,6/22/2022 14:41
101,Thinadhoo,MV,0.5333,72.9333,84.07,68,65,5.3,6/22/2022 14:41
215,Les Cayes,HT,18.2,-73.75,84.02,69,97,8.32,6/22/2022 14:42
375,Virginia Beach,US,36.8529,-75.978,84.02,61,40,11.5,6/22/2022 14:43
489,Itarema,BR,-2.9248,-39.9167,83.93,61,27,12.57,6/22/2022 14:45
481,Rafai,CF,4.95,23.9167,83.91,57,70,1.12,6/22/2022 14:44
194,Mana,GF,5.6592,-53.7767,83.77,66,29,4.43,6/22/2022 14:42
67,Thanh Hoa,VN,19.8,105.7667,83.75,83,100,8.59,6/22/2022 14:41
667,Kulim,MY,5.365,100.5618,83.75,92,100,2.64,6/22/2022 14:46
585,Dudinka,RU,69.4058,86.1778,83.62,36,93,6.44,6/22/2022 14:45
592,Jiwani,PK,25.05,61.7417,83.48,87,0,15.26,6/22/2022 14:45
424,Pundaguitan,PH,6.3711,126.1689,83.39,69,99,7.29,6/22/2022 14:44
690,Ganta,LR,7.3022,-8.5308,83.39,62,85,1.63,6/22/2022 14:46
548,Kavaratti,IN,10.5669,72.642,83.3,78,100,20.11,6/22/2022 14:45
644,Sinnamary,GF,5.3833,-52.95,83.26,68,64,4.41,6/22/2022 14:46
94,Talnakh,RU,69.4865,88.3972,83.21,32,63,7.96,6/22/2022 14:41
372,Jardim,BR,-21.4803,-56.1381,83.12,41,5,9.71,6/22/2022 14:42
33,Dustlik,UZ,40.5247,68.0358,83.03,35,100,6.64,6/22/2022 14:40
441,Bac Lieu,VN,9.285,105.7244,82.99,78,77,3.67,6/22/2022 14:44
29,Bouca,CF,6.5105,18.2733,82.96,65,71,4.25,6/22/2022 14:40
491,Labuan,MY,5.2767,115.2417,82.76,83,20,2.3,6/22/2022 14:45
87,Bull Savanna,JM,17.8868,-77.5902,82.74,58,59,3.33,6/22/2022 14:41
263,Laguna,US,38.421,-121.4238,82.63,48,0,4.61,6/22/2022 14:42
475,Djambala,CG,-2.5447,14.7533,82.63,47,84,1.03,6/22/2022 14:44
556,Kayerkan,RU,69.3497,87.7602,82.53,37,49,10.09,6/22/2022 14:45
255,Faya,SA,18.3851,42.4509,82.51,40,86,10.11,6/22/2022 14:42
542,Pasir Gudang,MY,1.4584,103.8805,82.51,79,40,4.61,6/22/2022 14:45
600,Alibag,IN,18.6411,72.8792,82.47,80,71,9.17,6/22/2022 14:46
256,Isla Mujeres,MX,21.2311,-86.731,82.45,76,34,7.96,6/22/2022 14:42
567,Nishihara,JP,26.1842,127.7558,82.45,83,20,8.05,6/22/2022 14:45
568,Altamira,BR,-3.2033,-52.2064,82.4,69,81,3.89,6/22/2022 14:45
110,Arraial Do Cabo,BR,-22.9661,-42.0278,82.36,54,0,10.36,6/22/2022 14:41
79,Vila Velha,BR,-20.3297,-40.2925,82.35,68,20,7,6/22/2022 14:37
224,Kulhudhuffushi,MV,6.6221,73.07,82.33,78,100,12.88,6/22/2022 14:42
554,Mauriti,BR,-7.3892,-38.7744,82.22,52,44,11.23,6/22/2022 14:45
584,Abha,SA,18.2164,42.5053,82.22,47,40,16.11,6/22/2022 14:42
692,Ixtapa,MX,20.7,-105.2,82.22,89,75,1.01,6/22/2022 14:46
684,Badlapur,IN,19.15,73.2667,82.2,81,99,4.32,6/22/2022 14:46
371,Bubaque,GW,11.2833,-15.8333,82.17,73,96,3.85,6/22/2022 14:43
563,Mayo,US,38.8876,-76.5119,82.15,76,0,5.75,6/22/2022 14:43
691,Dhidhdhoo,MV,6.8833,73.1,82.08,78,100,12.5,6/22/2022 14:46
622,Denpasar,ID,-8.65,115.2167,82.06,83,40,16.11,6/22/2022 14:42
439,Maceio,BR,-9.6658,-35.7353,81.84,57,100,12.66,6/22/2022 14:44
69,Hof,DE,50.3167,11.9167,81.75,32,0,3.44,6/22/2022 14:41
90,Teeswater,CA,43.9959,-81.2865,81.7,76,78,11.32,6/22/2022 14:41
674,Sabang,ID,5.8933,95.3214,81.61,78,100,11.68,6/22/2022 14:46
357,Mapastepec,MX,15.4333,-92.9,81.52,75,100,5.99,6/22/2022 14:43
443,Shelburne,CA,44.0787,-80.2041,81.36,47,26,10.56,6/22/2022 14:44
528,Mineiros,BR,-17.5694,-52.5511,81.36,32,43,9.26,6/22/2022 14:45
597,Surt,LY,31.2089,16.5887,81.36,53,0,13.56,6/22/2022 14:45
455,Kindu,CD,-2.95,25.95,81.23,63,96,2.53,6/22/2022 14:44
223,Mao,ES,39.8885,4.2658,81.16,69,20,14.97,6/22/2022 14:42
244,Waspan,NI,14.7419,-83.9717,81.16,77,51,6.98,6/22/2022 14:42
6,Champerico,GT,14.3,-91.9167,81.14,79,95,6.2,6/22/2022 14:40
457,Xacmaz,AZ,41.4635,48.806,81.1,52,1,13.78,6/22/2022 14:44
560,Karimnagar,IN,18.4333,79.15,81.07,77,99,4.14,6/22/2022 14:45
453,Agadir,MA,30.4202,-9.5982,81.05,50,6,13.56,6/22/2022 14:44
655,Hambantota,LK,6.1241,81.1185,80.94,94,40,10.36,6/22/2022 14:46
518,Caxito,AO,-8.5785,13.6643,80.92,53,1,11.18,6/22/2022 14:45
580,Lednice,CZ,48.7999,16.8034,80.91,31,79,5.84,6/22/2022 14:45
589,La Primavera,CO,5.4906,-70.4092,80.91,77,13,4.63,6/22/2022 14:45
11,Butaritari,KI,3.0707,172.7902,80.65,79,35,9.93,6/22/2022 14:40
397,Huilong,CN,31.8111,121.655,80.65,80,5,10.63,6/22/2022 14:44
385,Port Blair,IN,11.6667,92.75,80.64,83,75,2.3,6/22/2022 14:44
613,Murud,IN,18.3258,72.965,80.62,83,82,7.4,6/22/2022 14:46
414,Turan,VN,16.0678,108.2208,80.58,78,20,3.44,6/22/2022 14:44
523,Nouadhibou,MR,20.931,-17.0347,80.58,65,14,11.5,6/22/2022 14:45
232,Kavieng,PG,-2.5744,150.7967,80.56,79,100,5.73,6/22/2022 14:42
160,Astana,KZ,51.1801,71.446,80.55,26,0,13.42,6/22/2022 14:41
334,Zambezi,ZM,-13.5432,23.1047,80.47,23,0,5.17,6/22/2022 14:43
529,Schattdorf,CH,46.8655,8.6547,80.42,74,90,3,6/22/2022 14:45
422,Caravelas,BR,-17.7125,-39.2481,80.35,59,9,6.15,6/22/2022 14:44
389,Lorengau,PG,-2.0226,147.2712,80.28,77,68,2.75,6/22/2022 14:44
651,Yinchuan,CN,38.4681,106.2731,80.26,35,0,1.59,6/22/2022 14:46
145,Garachine,PA,8.0647,-78.3628,80.24,81,96,4.12,6/22/2022 14:41
196,Norwich,GB,52.6278,1.2983,80.22,50,0,9.22,6/22/2022 14:42
552,Bontang,ID,0.1333,117.5,80.22,80,97,4.65,6/22/2022 14:45
707,Galle,LK,6.0367,80.217,80.13,82,99,10.36,6/22/2022 14:47
306,Eskil,TR,38.4017,33.4131,80.02,32,59,14.88,6/22/2022 14:43
258,Kisesa,TZ,-3.0833,34.15,80.01,33,54,2.53,6/22/2022 14:42
34,Saint-Denis,FR,48.9167,2.3333,79.99,62,0,11.5,6/22/2022 14:40
466,Nacala,MZ,-14.5428,40.6728,79.92,53,20,11.5,6/22/2022 14:44
699,Cornwall,CA,45.0181,-74.7281,79.88,73,0,5.75,6/22/2022 14:47
590,Tangier,MA,35.7806,-5.8137,79.84,64,40,14.97,6/22/2022 14:45
536,Salinopolis,BR,-0.6136,-47.3561,79.83,76,73,6.17,6/22/2022 14:45
577,Samarai,PG,-10.6167,150.6667,79.81,82,95,15.12,6/22/2022 14:45
345,Faanui,PF,-16.4833,-151.75,79.77,72,63,15.82,6/22/2022 14:43
325,Lazaro Cardenas,MX,17.9583,-102.2,79.65,78,100,3.36,6/22/2022 14:41
546,Cilegon,ID,-6.0174,106.0538,79.61,81,91,5.3,6/22/2022 14:45
239,Yumen,CN,40.2833,97.2,79.59,21,1,11.79,6/22/2022 14:42
625,Yueyang,CN,29.3333,113.0919,79.54,81,35,14.54,6/22/2022 14:46
49,Sola,VU,-13.8833,167.55,79.45,80,41,18.03,6/22/2022 14:40
492,Phan Thiet,VN,10.9333,108.1,79.41,87,100,1.92,6/22/2022 14:41
633,Ocos,GT,14.5094,-92.1933,79.38,78,100,7.09,6/22/2022 14:46
503,Labuhan,ID,-6.8844,112.2051,79.3,74,21,6.76,6/22/2022 14:45
454,Duki,PK,30.1541,68.5728,79.27,45,0,12.24,6/22/2022 14:44
150,Dawei,MM,14.0833,98.2,79.23,84,100,0.96,6/22/2022 14:41
469,Bintulu,MY,3.1667,113.0333,79.21,94,40,0,6/22/2022 14:44
474,Belmonte,BR,-15.8631,-38.8828,79.21,63,13,6.85,6/22/2022 14:44
204,Namatanai,PG,-3.6667,152.4333,79.18,83,100,4.7,6/22/2022 14:42
151,Sibu,MY,2.3,111.8167,79.11,88,40,1.14,6/22/2022 14:41
332,Salar,ES,37.1499,-4.0191,79.05,27,0,12.19,6/22/2022 14:43
205,Surin,TH,14.8818,103.4936,79,99,100,7.94,6/22/2022 14:42
660,Sungairaya,ID,0.7,108.9,78.93,86,100,5.46,6/22/2022 14:46
450,Sassandra,CI,4.95,-6.0833,78.91,77,100,5.5,6/22/2022 14:44
611,Sao Joao Da Barra,BR,-21.6403,-41.0511,78.89,66,0,9.93,6/22/2022 14:46
668,Carmen,MX,18.6333,-91.8333,78.87,82,100,11.12,6/22/2022 14:46
15,Avarua,CK,-21.2078,-159.775,78.85,83,75,11.5,6/22/2022 14:40
187,Touros,BR,-5.1989,-35.4608,78.84,83,100,8.48,6/22/2022 14:37
400,Port-Gentil,GA,-0.7193,8.7815,78.76,69,20,16.11,6/22/2022 14:44
666,Betare Oya,CM,5.6,14.0833,78.76,67,100,0.69,6/22/2022 14:46
226,Tautira,PF,-17.7333,-149.15,78.67,77,50,13.11,6/22/2022 14:42
478,Sao Gabriel Da Cachoeira,BR,-0.1303,-67.0892,78.6,89,75,2.3,6/22/2022 14:44
174,Puerto Escondido,MX,15.85,-97.0667,78.58,80,100,6.17,6/22/2022 14:42
415,Matara,LK,5.9485,80.5353,78.49,87,100,8.75,6/22/2022 14:44
35,Kieta,PG,-6.2167,155.6333,78.48,86,100,4.25,6/22/2022 14:40
402,Rosetta,EG,31.4044,30.4164,78.48,72,0,16.33,6/22/2022 14:44
89,Maumere,ID,-8.6199,122.2111,78.37,78,96,3.24,6/22/2022 14:41
175,Kilifi,KE,-3.6305,39.8499,78.37,72,43,20.58,6/22/2022 14:42
709,Marsh Harbour,BS,26.5412,-77.0636,78.35,63,67,14.81,6/22/2022 14:47
264,Kropotkin,RU,45.4375,40.5756,78.33,47,23,17.54,6/22/2022 14:42
285,Warrington,GB,53.3925,-2.5802,78.33,53,20,14.97,6/22/2022 14:40
420,Petatlan,MX,17.5167,-101.2667,78.33,83,100,1.21,6/22/2022 14:44
617,Chechen-Aul,RU,43.2,45.7889,78.31,61,98,10.13,6/22/2022 14:46
582,Tarakan,ID,3.3,117.6333,78.3,94,20,2.3,6/22/2022 14:45
615,Saint-Francois,FR,46.4154,3.9054,78.24,50,72,4.61,6/22/2022 14:46
472,Corozal,CO,9.3151,-75.2928,78.15,86,100,4.52,6/22/2022 14:44
290,Padang,ID,-0.9492,100.3543,78.1,88,91,3.15,6/22/2022 14:42
468,Kulu,TR,39.0951,33.0799,78.08,31,28,20.2,6/22/2022 14:44
180,Naze,JP,28.3667,129.4833,77.92,91,6,7.05,6/22/2022 14:42
323,Waingapu,ID,-9.6567,120.2641,77.9,80,9,12.62,6/22/2022 14:43
421,Broome,US,42.2506,-75.833,77.9,70,80,5.99,6/22/2022 14:44
678,Malinyi,TZ,-8.9333,36.1333,77.77,48,57,2.06,6/22/2022 14:46
142,Harper,LR,4.375,-7.7169,77.76,82,100,4.27,6/22/2022 14:41
555,Vanimo,PG,-2.6741,141.3028,77.74,86,19,4.03,6/22/2022 14:45
494,Giaveno,IT,45.047,7.3492,77.72,85,76,4.54,6/22/2022 14:45
406,Aitape,PG,-3.1374,142.3475,77.68,87,58,3.98,6/22/2022 14:44
10,Itaporanga,BR,-7.3044,-38.1503,77.61,69,63,10.89,6/22/2022 14:40
360,Kota Belud,MY,6.351,116.4305,77.61,85,85,4.88,6/22/2022 14:43
706,Tabou,CI,4.423,-7.3528,77.59,82,100,3.47,6/22/2022 14:47
702,Kloulklubed,PW,7.0419,134.2556,77.5,69,42,5.88,6/22/2022 14:47
643,Itanagar,IN,27.1,93.6167,77.41,93,74,2.84,6/22/2022 14:46
626,Inirida,CO,3.8653,-67.9239,77.36,87,98,1.01,6/22/2022 14:46
539,Dingle,PH,10.9995,122.6711,77.31,87,100,4.03,6/22/2022 14:45
462,Merauke,ID,-8.4667,140.3333,77.27,88,88,16.89,6/22/2022 14:44
23,Atuona,PF,-9.8,-139.0333,77.18,70,83,23.24,6/22/2022 14:40
40,Jinchang,CN,38.4953,102.1739,77.18,34,0,2.53,6/22/2022 14:40
136,San Cristobal,VE,7.7669,-72.225,77.18,52,24,8.37,6/22/2022 14:41
456,Jiangyou,CN,31.7667,104.7167,77.16,89,100,6.29,6/22/2022 14:44
649,Berberati,CF,4.2612,15.7922,77.16,83,99,2.24,6/22/2022 14:46
209,Santa Luzia,BR,-19.7697,-43.8514,77.14,50,20,4.61,6/22/2022 14:42
427,Sibolga,ID,1.7427,98.7792,77.07,88,100,2.59,6/22/2022 14:44
164,Banjar,ID,-8.19,114.9675,77,88,100,5.23,6/22/2022 14:41
391,Luziania,BR,-16.2525,-47.9503,76.98,32,35,8.93,6/22/2022 14:44
704,Arrecife,ES,28.963,-13.5477,76.98,47,20,16.11,6/22/2022 14:46
335,Alofi,NU,-19.0595,-169.9187,76.89,88,100,8.05,6/22/2022 14:43
367,San Jose,US,37.3394,-121.895,76.86,49,20,5.75,6/22/2022 14:41
111,Auki,SB,-8.7676,160.7034,76.84,88,15,4.68,6/22/2022 14:41
227,Meulaboh,ID,4.1363,96.1285,76.77,88,99,4.9,6/22/2022 14:42
711,Takoradi,GH,4.8845,-1.7554,76.77,87,99,9.17,6/22/2022 14:47
461,Nadym,RU,65.5333,72.5167,76.75,49,32,10.69,6/22/2022 14:44
351,Ahuimanu,US,21.4447,-157.8378,76.71,79,100,12.66,6/22/2022 14:43
88,Bengkulu,ID,-3.8004,102.2655,76.66,88,100,3.51,6/22/2022 14:41
513,Todos Santos,MX,23.45,-110.2167,76.66,84,15,6.06,6/22/2022 14:45
430,Mwinilunga,ZM,-11.7358,24.4293,76.59,23,0,5.35,6/22/2022 14:44
526,Honiara,SB,-9.4333,159.95,76.55,86,11,5.57,6/22/2022 14:45
48,Bambanglipuro,ID,-7.95,110.2833,76.53,87,70,6.58,6/22/2022 14:40
547,Qui Nhon,VN,13.7667,109.2333,76.48,87,100,7.92,6/22/2022 14:45
464,La Crosse,US,43.8014,-91.2396,76.41,59,0,11.5,6/22/2022 14:44
83,Luganville,VU,-15.5333,167.1667,76.35,88,99,12.26,6/22/2022 14:41
113,Mufumbwe,ZM,-13.6833,24.8,76.35,27,0,5.46,6/22/2022 14:41
1,Sao Filipe,CV,14.8961,-24.4956,76.33,86,100,4.23,6/22/2022 14:40
353,Saint George,US,37.1041,-113.5841,76.24,11,0,6.91,6/22/2022 14:43
118,La Macarena,CO,2.1837,-73.7849,76.19,86,97,2.77,6/22/2022 14:41
493,Ozu,JP,33.5,132.55,76.17,94,38,3.78,6/22/2022 14:45
512,Saint Anthony,US,45.0205,-93.218,76.08,63,20,11.5,6/22/2022 14:45
329,Pierre,US,44.3683,-100.351,76.05,60,0,5.99,6/22/2022 14:43
100,Hoima,UG,1.4356,31.3436,76.03,69,88,2.55,6/22/2022 14:41
41,Maragogi,BR,-9.0122,-35.2225,75.85,93,100,14.03,6/22/2022 14:40
179,Kahului,US,20.8947,-156.47,75.85,79,100,8.05,6/22/2022 14:42
346,Lahaina,US,20.8783,-156.6825,75.81,87,100,9.44,6/22/2022 14:43
571,Kushmurun,KZ,52.4503,64.6311,75.81,57,12,6.58,6/22/2022 14:45
435,Pitimbu,BR,-7.4706,-34.8086,75.79,84,100,10.22,6/22/2022 14:44
45,Tongchuan,CN,35.0806,109.0897,75.63,80,100,2.95,6/22/2022 14:40
167,Biak,ID,-0.9131,122.8766,75.56,88,100,6.73,6/22/2022 14:41
423,Makakilo City,US,21.3469,-158.0858,75.52,77,0,6.91,6/22/2022 14:44
645,Segamat,MY,2.5148,102.8158,75.51,90,100,3.36,6/22/2022 14:46
688,Udachnyy,RU,66.4167,112.4,75.45,40,52,5.91,6/22/2022 14:46
652,Natal,BR,-5.795,-35.2094,75.42,94,100,10.36,6/22/2022 14:46
305,Seljord,NO,59.4894,8.634,75.4,31,100,7.29,6/22/2022 14:43
311,Matagami,CA,49.7502,-77.6328,75.31,64,0,11.5,6/22/2022 14:43
299,Omboue,GA,-1.5746,9.2618,75.29,69,39,12.57,6/22/2022 14:43
465,Turukhansk,RU,65.8167,87.9833,75.29,43,0,8.03,6/22/2022 14:44
28,Puerto Ayora,EC,-0.7393,-90.3518,75.16,96,100,3,6/22/2022 14:40
188,Kapaa,US,22.0752,-159.319,75.11,92,100,14.97,6/22/2022 14:42
364,Tecolutla,MX,20.4833,-97.0167,75.06,94,100,10.45,6/22/2022 14:43
300,Port Hueneme,US,34.1478,-119.1951,75.04,86,100,3.44,6/22/2022 14:43
192,Iwata,JP,34.7,137.85,75.02,92,72,1.01,6/22/2022 14:42
522,Tura,IN,25.5198,90.2201,75,93,53,4.45,6/22/2022 14:45
271,Ambilobe,MG,-13.2,49.05,74.97,67,94,0.94,6/22/2022 14:42
161,Mumford,GH,5.2618,-0.759,74.91,90,100,12.88,6/22/2022 14:41
642,Pangody,RU,65.85,74.4859,74.82,53,58,9.66,6/22/2022 14:46
240,Seoul,KR,37.5683,126.9778,74.8,83,0,3.44,6/22/2022 14:41
234,Nichinan,JP,31.6,131.3667,74.64,93,4,5.21,6/22/2022 14:42
339,Aloleng,PH,16.1307,119.7824,74.5,86,100,11.97,6/22/2022 14:43
449,Kushima,JP,31.4583,131.2333,74.32,95,2,4.76,6/22/2022 14:44
135,Bima,ID,-8.4667,118.7167,74.26,89,100,4.14,6/22/2022 14:41
646,Almaznyy,RU,48.0448,40.045,74.21,49,32,9.86,6/22/2022 14:46
317,Rogongon,PH,8.2333,124.3333,74.19,91,84,3.94,6/22/2022 14:43
392,Komsomolskiy,UZ,40.4272,71.7189,74.12,56,97,4.61,6/22/2022 14:44
687,Half Moon Bay,US,37.4636,-122.4286,74.05,67,0,11.5,6/22/2022 14:44
14,Rikitea,PF,-23.1203,-134.9692,74.03,68,40,10.27,6/22/2022 14:37
698,Lagunas,PE,-5.2269,-75.6753,73.98,95,98,1.03,6/22/2022 14:47
507,Salvacion,PH,7.9833,126.1333,73.85,94,98,0.76,6/22/2022 14:45
165,Roebourne,AU,-20.7833,117.1333,73.58,57,0,4.74,6/22/2022 14:37
685,Xiaoweizhai,CN,26.1903,107.5125,73.58,94,94,7.07,6/22/2022 14:46
640,Tiarei,PF,-17.5333,-149.3333,73.42,77,31,11.86,6/22/2022 14:46
241,Payson,US,40.0444,-111.7321,73.4,20,58,3.06,6/22/2022 14:42
425,Aksarka,RU,66.5606,67.7975,73.26,57,35,8.95,6/22/2022 14:44
419,Tiznit,MA,29.5833,-9.5,73.15,51,4,12.91,6/22/2022 14:44
499,Tursunzoda,TJ,38.5144,68.2333,73.15,43,47,6.38,6/22/2022 14:45
558,Olinda,BR,-8.0089,-34.8553,73.13,94,100,13.8,6/22/2022 14:44
143,Margate,GB,51.3813,1.3862,73.11,64,0,5.99,6/22/2022 14:41
388,Tateyama,JP,34.9833,139.8667,73.09,94,99,7.2,6/22/2022 14:44
76,Poum,NC,-20.2333,164.0167,73.06,61,100,8.14,6/22/2022 14:41
343,Marathon,US,44.9,-89.7668,72.93,52,0,14.97,6/22/2022 14:43
356,Marienburg,PL,54.0359,19.0266,72.88,62,47,10.96,6/22/2022 14:43
352,Rantauprapat,ID,2.1,99.8333,72.86,99,100,2.44,6/22/2022 14:43
213,Popondetta,PG,-8.7537,148.2534,72.82,90,17,3.15,6/22/2022 14:42
616,Guerrero Negro,MX,27.9769,-114.0611,72.73,54,2,7.31,6/22/2022 14:41
137,Atambua,ID,-9.1061,124.8925,72.68,74,100,7.94,6/22/2022 14:41
648,Borovoy,RU,55.4333,86.0833,72.68,60,0,6.71,6/22/2022 14:46
705,Akcakoca,TR,41.0866,31.1162,72.57,75,16,5.84,6/22/2022 14:47
36,Timiryazevskoye,RU,56.49,84.8769,72.55,74,33,5.46,6/22/2022 14:40
202,Luwingu,ZM,-10.2621,29.9271,72.45,34,7,5.66,6/22/2022 14:42
654,Lebork,PL,54.5392,17.7501,72.43,59,100,9.89,6/22/2022 14:46
342,Uruzgan,AF,32.8333,66,72.37,16,1,4.99,6/22/2022 14:43
426,Muzhi,RU,65.3667,64.6667,72.3,67,96,1.5,6/22/2022 14:44
78,Hilo,US,19.7297,-155.09,72.28,88,100,3,6/22/2022 14:41
436,Kuna,US,43.4918,-116.4201,72.19,55,0,6.91,6/22/2022 14:44
657,Quimper,FR,48,-4.1,72.16,83,75,9.22,6/22/2022 14:46
398,Lata,PT,40.1629,-8.3327,72.07,61,86,8.57,6/22/2022 14:44
63,Ribeira Grande,PT,38.5167,-28.7,72,68,40,14.97,6/22/2022 14:41
717,Grand Gaube,MU,-20.0064,57.6608,72,69,4,1.99,6/22/2022 14:47
260,Souillac,MU,-20.5167,57.5167,71.98,73,75,8.05,6/22/2022 14:42
177,Jucuaran,SV,13.2539,-88.2478,71.92,60,46,2.62,6/22/2022 14:42
459,Mahebourg,MU,-20.4081,57.7,71.89,73,75,8.05,6/22/2022 14:44
5,Bambous Virieux,MU,-20.3428,57.7575,71.85,73,75,8.05,6/22/2022 14:37
52,Vaini,TO,-21.2,-175.2,71.76,64,20,9.22,6/22/2022 14:41
22,Marfino,RU,55.7028,37.3822,71.74,43,40,15.66,6/22/2022 14:40
328,Cimislia,MD,46.52,28.7842,71.74,44,36,23.35,6/22/2022 14:43
386,Quatre Cocos,MU,-20.2078,57.7625,71.71,70,2,13.38,6/22/2022 14:44
378,Audru,EE,58.4086,24.3739,71.65,43,20,5.75,6/22/2022 14:44
380,Boz,FR,46.4071,4.9109,71.65,93,94,6.89,6/22/2022 14:44
273,Inhambane,MZ,-23.865,35.3833,71.58,60,40,9.22,6/22/2022 14:42
26,Castro,BR,-24.7911,-50.0119,71.53,63,3,12.37,6/22/2022 14:40
172,Pozoblanco,ES,38.3791,-4.8483,71.46,37,85,10.63,6/22/2022 14:41
482,Coria,ES,39.9879,-6.5377,71.46,43,99,4.27,6/22/2022 14:44
182,San Quintin,MX,30.4833,-115.95,71.37,68,9,8.68,6/22/2022 14:42
496,Rosarito,MX,32.3333,-117.0333,71.26,65,35,6.15,6/22/2022 14:45
74,Dongsheng,CN,39.8161,109.9776,71.17,43,1,7.56,6/22/2022 14:41
581,Zyryanovsk,KZ,49.7386,84.2719,71.17,77,4,2.66,6/22/2022 14:41
117,Vao,NC,-22.6667,167.4833,71.1,65,95,14.14,6/22/2022 14:41
293,Wajima,JP,37.4,136.9,71.1,81,75,5.3,6/22/2022 14:43
219,Noumea,NC,-22.2763,166.4572,71.01,99,99,4.7,6/22/2022 14:42
412,Ponta Do Sol,PT,32.6667,-17.1,71.01,78,64,7.94,6/22/2022 14:44
460,Tukums,LV,56.9669,23.1553,70.95,39,75,4.52,6/22/2022 14:44
394,Samfya,ZM,-11.3649,29.5565,70.93,37,16,0.96,6/22/2022 14:44
132,Cape Town,ZA,-33.9258,18.4232,70.92,63,0,3.44,6/22/2022 14:37
383,Fallon,US,39.4735,-118.7774,70.92,26,0,0,6/22/2022 14:44
3,Nikolskoye,RU,59.7035,30.7861,70.88,34,11,5.59,6/22/2022 14:40
235,Torbay,CA,47.6666,-52.7314,70.88,59,40,9.22,6/22/2022 14:42
124,Asau,RO,46.4333,26.4,70.72,46,88,7,6/22/2022 14:41
440,Tolyatti,RU,53.5303,49.3461,70.68,86,13,10.89,6/22/2022 14:42
510,Pueblo Nuevo,MX,23.3833,-105.3833,70.59,48,82,3.69,6/22/2022 14:45
82,Carnarvon,AU,-24.8667,113.6333,70.54,59,3,10.47,6/22/2022 14:41
170,Ponta Delgada,PT,37.7333,-25.6667,70.5,68,20,23.02,6/22/2022 14:41
506,Sainte-Suzanne,RE,-20.9061,55.6089,70.47,77,20,4.61,6/22/2022 14:45
602,Katsuura,JP,35.1333,140.3,70.41,96,88,7.47,6/22/2022 14:46
509,Soloneshnoye,RU,51.6544,84.3197,70.32,71,37,6.71,6/22/2022 14:45
540,Toyooka,JP,35.5333,134.8333,70.3,96,2,2.77,6/22/2022 14:45
154,Hasaki,JP,35.7333,140.8333,70.29,93,100,9.24,6/22/2022 14:41
574,Kedrovyy,RU,56.1667,91.8167,70.21,90,100,0.94,6/22/2022 14:45
336,Vila Franca Do Campo,PT,37.7167,-25.4333,70.2,79,59,10.4,6/22/2022 14:43
156,Porto Santo,PT,33.072,-16.3415,70.18,64,75,12.66,6/22/2022 14:41
527,Habay,BE,49.731,5.6175,70.05,80,100,5.01,6/22/2022 14:45
689,Brigantine,US,39.4101,-74.3646,70.03,84,100,16.11,6/22/2022 14:46
313,Puerto Baquerizo Moreno,EC,-0.9,-89.6,69.98,81,93,10.94,6/22/2022 14:40
363,Arona,ES,28.0996,-16.681,69.98,59,75,14.97,6/22/2022 14:43
396,Saint-Pierre,RE,-21.3393,55.4781,69.91,64,75,6.91,6/22/2022 14:44
562,Marawi,PH,7.9986,124.2928,69.91,93,90,0.6,6/22/2022 14:45
387,Xilitla,MX,21.3333,-98.9667,69.89,90,92,2.04,6/22/2022 14:44
480,Severnyy,RU,50.677,36.5532,69.84,49,0,6.71,6/22/2022 14:44
641,Ryotsu,JP,38.0833,138.4333,69.76,85,67,3.04,6/22/2022 14:46
252,Cap Malheureux,MU,-19.9842,57.6142,69.48,69,6,4,6/22/2022 14:42
186,Namibe,AO,-15.1961,12.1522,69.35,53,0,6.76,6/22/2022 14:42
413,Rabo De Peixe,PT,37.8,-25.5833,69.28,78,20,23.02,6/22/2022 14:44
703,Doda,IN,33.1333,75.5667,69.26,75,4,3.27,6/22/2022 14:47
25,Port Alfred,ZA,-33.5906,26.891,69.19,71,100,1.99,6/22/2022 14:40
710,Los Llanos De Aridane,ES,28.6585,-17.9182,69.12,76,75,8.05,6/22/2022 14:47
664,Porosozero,RU,62.7191,32.727,69.01,36,68,1.52,6/22/2022 14:46
565,Bialystok,PL,53.1333,23.15,68.97,51,61,8.93,6/22/2022 14:42
269,Isangel,VU,-19.55,169.2667,68.95,72,83,7.47,6/22/2022 14:42
75,East London,ZA,-33.0153,27.9116,68.94,77,20,11.5,6/22/2022 14:39
60,Lichuan,CN,30.3,108.85,68.92,98,99,3.6,6/22/2022 14:41
53,Great Falls,US,47.5002,-111.3008,68.41,44,0,17.27,6/22/2022 14:37
361,Suoyarvi,RU,62.0833,32.35,68.4,39,96,3.15,6/22/2022 14:43
719,Betsiamites,CA,48.9413,-68.646,68.4,71,73,5.79,6/22/2022 14:47
609,Beipiao,CN,41.7919,120.7792,68.38,96,100,4.74,6/22/2022 14:46
696,Laishevo,RU,55.4046,49.5504,68.22,88,100,6.62,6/22/2022 14:47
37,Albany,US,42.6001,-73.9662,68.18,89,98,1.99,6/22/2022 14:40
570,Upornaya,RU,44.3914,41.0196,68.18,83,88,6.76,6/22/2022 14:45
80,Muros,ES,42.7762,-9.0603,68.09,80,26,9.35,6/22/2022 14:41
630,Richards Bay,ZA,-28.783,32.0377,68.07,67,83,10.29,6/22/2022 14:46
134,Saldanha,ZA,-33.0117,17.9442,68.05,76,11,6.71,6/22/2022 14:41
233,Goderich,CA,43.7501,-81.7165,67.91,97,94,11.52,6/22/2022 14:41
229,Flin Flon,CA,54.7682,-101.865,67.84,45,20,5.75,6/22/2022 14:42
131,Bayan,CN,46.0833,127.4,67.8,93,100,7.81,6/22/2022 14:41
245,Tadine,NC,-21.55,167.8833,67.8,69,100,9.71,6/22/2022 14:42
222,Pavlodolskaya,RU,43.7192,44.4781,67.77,84,100,9.98,6/22/2022 14:42
230,Santa Lucia,ES,27.9117,-15.5407,67.77,60,75,24.16,6/22/2022 14:42
714,San Julian,MX,21.0167,-102.1667,67.69,54,84,14.56,6/22/2022 14:46
85,Saint-Philippe,RE,-21.3585,55.7679,67.59,73,5,10.8,6/22/2022 14:41
381,Camacha,PT,33.0833,-16.3333,67.42,56,75,14.97,6/22/2022 14:44
673,Ludvika,SE,60.1496,15.1878,67.33,69,100,4.72,6/22/2022 14:46
393,Saint-Sauveur-Des-Monts,CA,45.9001,-74.1659,67.28,79,100,5.75,6/22/2022 14:44
314,Lasa,IT,46.6166,10.7002,67.08,76,100,5.14,6/22/2022 14:43
297,Portland,US,45.5234,-122.6762,66.96,81,20,4.61,6/22/2022 14:38
155,Devils Lake,US,48.1128,-98.8651,66.94,78,0,8.05,6/22/2022 14:41
19,Mandalgovi,MN,45.7625,106.2708,66.9,40,70,13.11,6/22/2022 14:40
429,Salinas,US,36.6777,-121.6555,66.81,71,0,4.61,6/22/2022 14:44
324,Labytnangi,RU,66.6572,66.4183,66.72,83,100,7.4,6/22/2022 14:43
695,Yozgat,TR,39.5833,35.3333,66.69,66,55,7.9,6/22/2022 14:47
289,Saint-Joseph,RE,-21.3667,55.6167,66.58,74,5,7.78,6/22/2022 14:43
679,Ulaangom,MN,49.9811,92.0667,66.54,55,47,7.38,6/22/2022 14:46
284,Pudozh,RU,61.8099,36.5345,66.51,43,21,3.69,6/22/2022 14:43
115,Praia Da Vitoria,PT,38.7333,-27.0667,66.45,88,75,14.99,6/22/2022 14:41
168,Bredasdorp,ZA,-34.5322,20.0403,66.4,60,56,0.96,6/22/2022 14:37
541,Mocuba,MZ,-16.8392,36.9856,66.38,90,51,4.23,6/22/2022 14:45
91,Ferrol,ES,43.4832,-8.2369,66.27,86,81,9.17,6/22/2022 14:41
437,Xining,CN,36.6167,101.7667,66.25,53,100,2.62,6/22/2022 14:44
262,Imbituba,BR,-28.24,-48.6703,66.18,97,100,7.25,6/22/2022 14:42
544,Marau,BR,-28.4492,-52.2,66.15,95,100,6.46,6/22/2022 14:45
561,Manzhouli,CN,49.6,117.4333,66.09,48,73,4.85,6/22/2022 14:45
573,Yongan,CN,39.6957,113.6871,66,83,36,3.87,6/22/2022 14:45
58,Rantepao,ID,-2.9701,119.8978,65.97,97,100,1.74,6/22/2022 14:41
676,Cervo,ES,43.6702,-7.4101,65.97,86,28,10.42,6/22/2022 14:46
718,Blagoyevo,RU,63.3667,47.9167,65.97,43,100,6.24,6/22/2022 14:47
243,Konstantinovka,RU,49.6167,127.9833,65.88,77,30,6.67,6/22/2022 14:42
484,Imaculada,BR,-7.3897,-37.5092,65.82,95,87,2.64,6/22/2022 14:44
30,Hermanus,ZA,-34.4187,19.2345,65.8,69,76,6.64,6/22/2022 14:40
279,Alakurtti,RU,66.9672,30.3491,65.79,46,71,10.87,6/22/2022 14:43
520,Huinan,CN,42.6225,126.2614,65.75,98,100,4.94,6/22/2022 14:45
276,La Trinitaria,MX,16.1167,-92.05,65.59,75,99,5.7,6/22/2022 14:42
17,Yantongshan,CN,43.2919,126.0094,65.52,98,100,5.97,6/22/2022 14:40
551,Ginir,ET,7.1333,40.7,65.08,65,100,12.37,6/22/2022 14:45
275,Koslan,RU,63.4564,48.8989,64.98,39,100,7.2,6/22/2022 14:42
490,Gimbi,ET,9.1667,35.8333,64.9,84,49,3.78,6/22/2022 14:45
294,Port Elizabeth,ZA,-33.918,25.5701,64.69,83,0,5.75,6/22/2022 14:43
650,La Ronge,CA,55.1001,-105.2842,64.65,59,75,4.61,6/22/2022 14:46
624,Kotagiri,IN,11.4333,76.8833,64.47,87,100,1.59,6/22/2022 14:46
417,Port Hedland,AU,-20.3167,118.5667,64.45,72,0,6.91,6/22/2022 14:44
671,Moose Factory,CA,51.2585,-80.6094,64.4,72,100,17.27,6/22/2022 14:46
408,San Vicente De Canete,PE,-13.0751,-76.3835,64.35,72,93,5.26,6/22/2022 14:44
93,Vangaindrano,MG,-23.35,47.6,64.29,90,99,10.65,6/22/2022 14:41
376,Chapais,CA,49.7834,-74.8492,64.18,97,100,9.98,6/22/2022 14:43
283,Mount Isa,AU,-20.7333,139.5,64.17,42,0,9.22,6/22/2022 14:43
446,Roald,NO,62.5833,6.1333,64.17,63,75,20.71,6/22/2022 14:44
200,Strezhevoy,RU,60.7333,77.5889,64.15,79,85,6.26,6/22/2022 14:42
628,Tambovka,RU,50.0969,128.0489,64.13,86,36,5.53,6/22/2022 14:46
130,Lagoa,PT,39.05,-27.9833,64.06,83,100,16.8,6/22/2022 14:41
720,Hudson Bay,CA,52.85,-102.3842,64,60,29,6.04,6/22/2022 14:47
54,Beloha,MG,-25.1667,45.05,63.93,62,97,11.68,6/22/2022 14:41
95,Kruisfontein,ZA,-34.0033,24.7314,63.73,70,100,3.36,6/22/2022 14:41
50,Cidreira,BR,-30.1811,-50.2056,63.3,91,100,4.07,6/22/2022 14:40
72,Busselton,AU,-33.65,115.3333,63.25,85,99,13.04,6/22/2022 14:41
694,Baruun-Urt,MN,46.6806,113.2792,63.14,66,100,3.65,6/22/2022 14:46
12,Bethel,US,41.3712,-73.414,63.03,95,100,12.66,6/22/2022 14:40
521,Mastic Beach,US,40.7668,-72.8521,62.98,95,100,9.22,6/22/2022 14:40
281,Kolding,DK,55.4904,9.4722,62.96,72,75,10.36,6/22/2022 14:40
173,Esperance,AU,-33.8667,121.9,62.85,68,76,13.62,6/22/2022 14:41
448,Plettenberg Bay,ZA,-34.0527,23.3716,62.71,69,100,1.16,6/22/2022 14:44
693,Tommot,RU,58.9564,126.2925,62.67,88,27,4.83,6/22/2022 14:46
683,Kuusamo,FI,65.9667,29.1833,62.64,51,40,13.8,6/22/2022 14:46
514,Ostersund,SE,63.1792,14.6357,62.62,55,0,11.5,6/22/2022 14:45
247,Sukhobezvodnoye,RU,57.0491,44.8891,62.53,75,90,7,6/22/2022 14:42
146,Chachapoyas,PE,-6.2317,-77.869,62.28,67,90,3.29,6/22/2022 14:41
636,Sudzha,RU,51.1976,35.2726,62.2,86,83,8.01,6/22/2022 14:46
418,Walvis Bay,NA,-22.9575,14.5053,62.1,65,0,16.31,6/22/2022 14:44
557,Gornyy,RU,55.1153,83.9059,62.01,73,32,5.99,6/22/2022 14:45
97,Palmer,US,42.1584,-72.3287,61.77,84,100,0,6/22/2022 14:41
515,Yarensk,RU,62.1675,49.0916,61.77,57,100,1.72,6/22/2022 14:45
102,Kysyl-Syr,RU,63.8986,122.7617,61.63,63,6,5.48,6/22/2022 14:41
447,Kiknur,RU,57.3034,47.2011,61.47,73,98,6.87,6/22/2022 14:44
596,Vilyuysk,RU,63.7553,121.6247,61.45,61,23,6.08,6/22/2022 14:45
366,Darhan,MN,49.4867,105.9228,61.21,76,2,1.16,6/22/2022 14:43
404,Boguchany,RU,58.3814,97.4531,61.18,51,68,3.89,6/22/2022 14:44
277,Oudtshoorn,ZA,-33.5907,22.2014,61.16,54,95,5.3,6/22/2022 14:42
432,Dryden,CA,49.7833,-92.7503,61.09,67,20,16.11,6/22/2022 14:44
566,Redmond,US,47.674,-122.1215,61.09,86,100,1.01,6/22/2022 14:42
538,Westerland,DE,54.9079,8.3033,61.02,77,100,9.22,6/22/2022 14:45
637,Novyy Starodub,UA,48.5158,33.1733,60.87,68,99,10.83,6/22/2022 14:46
32,Pisco,PE,-13.7,-76.2167,60.85,82,100,6.91,6/22/2022 14:40
662,Winnemucca,US,40.973,-117.7357,60.85,33,0,0,6/22/2022 14:46
373,Stromness,GB,58.965,-3.296,60.76,80,100,14,6/22/2022 14:43
495,Kuminskiy,RU,58.6667,66.5667,60.67,81,97,5.97,6/22/2022 14:45
670,Kirovskiy,RU,45.0917,133.5136,60.67,95,100,5.41,6/22/2022 14:46
537,Ust-Tsilma,RU,65.441,52.1498,60.6,52,100,9.62,6/22/2022 14:45
46,Ikongo,MG,-21.8833,47.4333,60.53,98,67,1.72,6/22/2022 14:40
298,Coquimbo,CL,-29.9533,-71.3436,60.53,55,75,10.36,6/22/2022 14:39
605,Henties Bay,NA,-22.116,14.2845,60.31,71,0,13.85,6/22/2022 14:46
302,Pershotravneve,UA,51.3929,28.8684,60.22,83,67,12.73,6/22/2022 14:43
354,Rupert,US,42.6191,-113.6772,60.19,66,0,0,6/22/2022 14:43
64,Nyurba,RU,63.2842,118.3319,60.17,59,99,4.14,6/22/2022 14:41
24,Kolosovka,RU,56.4678,73.611,60.04,91,97,14.99,6/22/2022 14:40
62,Blackfalds,CA,52.3834,-113.7853,59.83,87,81,5.97,6/22/2022 14:41
716,Bethanien,NA,-26.502,17.1583,59.81,32,0,5.73,6/22/2022 14:47
268,Luderitz,NA,-26.6481,15.1594,59.59,65,0,10.29,6/22/2022 14:42
42,Yellowknife,CA,62.456,-114.3525,59.56,55,40,13.8,6/22/2022 14:40
259,Taos,US,36.4072,-105.5731,59.56,86,100,4.61,6/22/2022 14:42
516,Suifenhe,CN,44.4,131.1667,59.56,93,100,2.28,6/22/2022 14:45
593,Ocampo,MX,21.65,-101.5,59.52,73,100,19.89,6/22/2022 14:45
416,Srednekolymsk,RU,67.45,153.6833,59.5,48,100,9.66,6/22/2022 14:44
321,Hoquiam,US,46.9809,-123.8893,59.45,92,100,8.05,6/22/2022 14:43
337,Twin Falls,US,42.3505,-114.6445,59.34,41,0,3.44,6/22/2022 14:43
434,Verkhnechusovskiye Gorodki,RU,58.1671,57.1086,59.31,87,95,7.16,6/22/2022 14:44
587,Sangar,RU,63.9242,127.4739,59.31,63,17,4.88,6/22/2022 14:45
428,Illapel,CL,-31.6308,-71.1653,59.25,48,100,7.23,6/22/2022 14:44
176,Thompson,CA,55.7435,-97.8558,59.16,55,40,3.44,6/22/2022 14:37
114,Raahe,FI,64.6833,24.4833,59.09,68,94,2.73,6/22/2022 14:41
236,Norman Wells,CA,65.282,-126.8329,59.04,77,40,10.36,6/22/2022 14:42
620,Beian,NO,63.6559,9.5683,58.98,67,0,6.91,6/22/2022 14:46
712,Kangalassy,RU,62.3464,129.9628,58.93,68,0,5.3,6/22/2022 14:47
517,Killybegs,IE,54.6333,-8.45,58.71,77,75,8.05,6/22/2022 14:45
627,Shimanovsk,RU,52,127.7,58.51,97,87,4.18,6/22/2022 14:46
395,Ballachulish,GB,56.6774,-5.1308,58.41,85,100,3,6/22/2022 14:44
511,Botshabelo,ZA,-29.2702,26.7052,58.37,42,96,10.56,6/22/2022 14:45
257,Santa Maria,BR,-29.6842,-53.8069,58.3,100,100,6.91,6/22/2022 14:40
700,Kodinsk,RU,58.6881,99.1844,57.99,56,100,8.37,6/22/2022 14:47
77,Sindor,RU,62.8629,51.8905,57.88,64,100,6.04,6/22/2022 14:41
267,Tapes,BR,-30.6733,-51.3958,57.63,98,100,4.41,6/22/2022 14:42
272,Borogontsy,RU,62.6683,131.1683,57.43,63,0,4.54,6/22/2022 14:42
409,Rio Grande,BR,-32.035,-52.0986,57.31,94,100,13.51,6/22/2022 14:44
403,Aldan,RU,58.6031,125.3894,57.18,95,50,5.12,6/22/2022 14:44
534,Rorvik,NO,64.8621,11.2373,57.18,82,100,8.52,6/22/2022 14:45
56,Airai,TL,-8.9266,125.4092,57.15,85,100,4.14,6/22/2022 14:41
341,Oranjemund,NA,-28.55,16.4333,57.06,75,0,6.53,6/22/2022 14:43
471,Hervey Bay,AU,-25.2986,152.8535,57.02,84,0,4,6/22/2022 14:44
658,Bulgan,MN,48.8125,103.5347,57.02,73,8,2.3,6/22/2022 14:46
148,Maltahohe,NA,-24.8333,16.9833,56.97,27,0,4.83,6/22/2022 14:41
139,Fairbanks,US,64.8378,-147.7164,56.91,85,20,5.75,6/22/2022 14:40
333,College,US,64.8569,-147.8028,56.89,85,75,5.75,6/22/2022 14:43
338,Kyren,RU,51.6828,102.1408,56.79,89,49,1.74,6/22/2022 14:43
564,Teguldet,RU,57.3064,88.1667,56.73,98,80,5.01,6/22/2022 14:45
189,Kodiak,US,57.79,-152.4072,56.71,67,0,3.44,6/22/2022 14:42
126,Fortuna,US,40.5982,-124.1573,56.32,100,0,0,6/22/2022 14:41
291,Port Lincoln,AU,-34.7333,135.8667,55.96,74,100,13.42,6/22/2022 14:43
96,Saint-Augustin,CA,51.226,-58.6502,55.85,68,100,11.52,6/22/2022 14:41
715,Suntar,RU,62.1444,117.6319,55.85,58,100,2.21,6/22/2022 14:47
133,Geraldton,AU,-28.7667,114.6,55.81,94,0,5.75,6/22/2022 14:41
588,Athabasca,CA,54.7169,-113.2854,55.81,76,51,5.26,6/22/2022 14:41
184,Urusha,RU,54.05,122.9,55.51,98,86,0.36,6/22/2022 14:42
198,Aklavik,CA,68.2191,-135.0107,55.4,67,75,5.75,6/22/2022 14:42
411,Ostrovnoy,RU,68.0531,39.5131,55.38,61,97,8.84,6/22/2022 14:44
43,Sistranda,NO,63.7256,8.834,55.36,77,100,5.88,6/22/2022 14:40
212,Kandalaksha,RU,67.162,32.4123,55.29,79,100,9.37,6/22/2022 14:42
141,Campbell River,CA,50.0163,-125.2446,55.26,82,40,9.22,6/22/2022 14:39
697,Kyra,RU,49.5776,111.9753,55.24,85,94,4.23,6/22/2022 14:47
629,North Bend,US,43.4065,-124.2243,55.08,100,100,4.61,6/22/2022 14:46
634,Dawson Creek,CA,55.7666,-120.2362,55.04,58,75,5.75,6/22/2022 14:45
13,Yulara,AU,-25.2406,130.9889,54.99,49,0,7.56,6/22/2022 14:40
638,Taldan,RU,53.6667,124.8,54.91,98,94,0.69,6/22/2022 14:46
595,Vuktyl,RU,63.8567,57.3094,54.72,79,100,10.63,6/22/2022 14:45
656,Port Augusta,AU,-32.5,137.7667,54.7,73,100,7.02,6/22/2022 14:46
121,Codrington,AU,-38.2667,141.9667,54.63,84,100,13.78,6/22/2022 14:41
504,Yerbogachen,RU,61.2767,108.0108,54.63,80,100,1.3,6/22/2022 14:45
524,Kiruna,SE,67.8557,20.2251,54.52,41,75,10.36,6/22/2022 14:41
463,Valparaiso,CL,-33.0393,-71.6273,54.48,82,100,6.91,6/22/2022 14:44
61,Uglegorsk,RU,49.0833,142.0333,54.39,82,100,5.88,6/22/2022 14:41
210,Kushiro,JP,42.975,144.3747,54.37,91,100,3.83,6/22/2022 14:42
4,Cherskiy,RU,68.75,161.3,54.32,39,100,20.2,6/22/2022 14:40
103,Lompoc,US,34.6391,-120.4579,54.32,98,100,0,6/22/2022 14:41
207,Chuy,UY,-33.6971,-53.4616,54.21,64,99,14.43,6/22/2022 14:42
438,Bundaberg,AU,-24.85,152.35,54.21,92,0,1.01,6/22/2022 14:44
98,Shambu,ET,9.5667,37.1,54.19,89,95,4.32,6/22/2022 14:41
153,Sept-Iles,CA,50.2001,-66.3821,54.05,91,75,16.11,6/22/2022 14:39
519,Presidencia Roque Saenz Pena,AR,-26.7852,-60.4388,53.96,63,100,9.64,6/22/2022 14:45
51,Zhigansk,RU,66.7697,123.3711,53.87,88,55,9.55,6/22/2022 14:40
254,Port-Cartier,CA,50.0334,-66.8654,53.74,80,100,7,6/22/2022 14:42
20,Khatanga,RU,71.9667,102.5,53.73,47,100,9.51,6/22/2022 14:40
445,Hay River,CA,60.8156,-115.7999,53.58,76,75,4.61,6/22/2022 14:44
583,Mount Gambier,AU,-37.8333,140.7667,53.51,94,40,10.36,6/22/2022 14:45
631,Kuytun,RU,54.3419,101.5036,53.47,67,1,3.04,6/22/2022 14:46
639,Kiama,AU,-34.6833,150.8667,53.26,76,4,8.99,6/22/2022 14:46
169,Fort Nelson,CA,58.8053,-122.7002,53.19,94,100,3.44,6/22/2022 14:41
322,Flinders,AU,-34.5833,150.8552,53.06,80,4,1.99,6/22/2022 14:43
0,Ballina,AU,-28.8667,153.5667,53.02,99,87,4.36,6/22/2022 14:40
310,Byron Bay,AU,-28.65,153.6167,52.95,80,61,4.9,6/22/2022 14:39
221,Wonthaggi,AU,-38.6044,145.5913,52.83,84,100,15.26,6/22/2022 14:42
559,Sawtell,AU,-30.3833,153.1,52.18,93,6,3.44,6/22/2022 14:45
195,Murillo,CO,4.8739,-75.1715,52.14,70,34,5.66,6/22/2022 14:42
125,Nelson Bay,AU,-32.7167,152.15,52,90,0,5.01,6/22/2022 14:41
498,Constitucion,CL,-35.3333,-72.4167,51.96,89,100,13.35,6/22/2022 14:45
309,Bonavista,CA,48.6499,-53.1147,51.89,86,46,6.29,6/22/2022 14:43
185,Saskylakh,RU,71.9167,114.0833,51.82,45,93,4.92,6/22/2022 14:42
238,Haines Junction,CA,60.7522,-137.5108,51.75,82,100,1.14,6/22/2022 14:42
211,Santiago Del Estero,AR,-27.7951,-64.2615,51.66,55,100,8.9,6/22/2022 14:41
458,Yeppoon,AU,-23.1333,150.7333,51.58,81,3,7.05,6/22/2022 14:44
532,Taksimo,RU,56.3444,114.8794,51.39,95,100,2.84,6/22/2022 14:45
199,Verkhnyaya Inta,RU,65.9811,60.3094,51.19,96,100,8.77,6/22/2022 14:42
359,Klaksvik,FO,62.2266,-6.589,50.92,80,76,27.87,6/22/2022 14:43
320,Peleduy,RU,59.6289,112.7406,50.86,98,100,3,6/22/2022 14:43
659,Goya,AR,-29.14,-59.2626,50.83,83,100,8.93,6/22/2022 14:41
647,Sicuani,PE,-14.2694,-71.2261,50.36,53,73,5.73,6/22/2022 14:46
606,Reconquista,AR,-29.15,-59.65,50.27,84,100,11.68,6/22/2022 14:46
246,Tromso,NO,69.6496,18.957,50.02,57,75,3.44,6/22/2022 14:42
162,Tucuman,AR,-26.8241,-65.2226,50,66,100,4.61,6/22/2022 14:40
280,Nemuro,JP,43.3236,145.575,49.75,90,100,3,6/22/2022 14:43
81,Lebu,CL,-37.6167,-73.65,49.69,67,100,5.61,6/22/2022 14:41
249,Prince Rupert,CA,54.3161,-130.3201,49.69,90,100,5.75,6/22/2022 14:42
191,Vestmannaeyjar,IS,63.4427,-20.2734,49.19,76,75,21.85,6/22/2022 14:42
208,Launceston,AU,-41.45,147.1667,49.15,97,97,9.22,6/22/2022 14:42
47,Mar Del Plata,AR,-38.0023,-57.5575,49.08,60,100,6.91,6/22/2022 14:40
497,Anadyr,RU,64.75,177.4833,48.7,93,40,4.47,6/22/2022 14:45
250,Narsaq,GL,60.9167,-46.05,48.42,61,0,2.82,6/22/2022 14:42
578,Ulladulla,AU,-35.35,150.4667,48.24,83,36,5.5,6/22/2022 14:45
308,Grindavik,IS,63.8424,-22.4338,48.15,81,100,18.41,6/22/2022 14:43
442,Sitka,US,57.0531,-135.33,48.09,87,100,4.61,6/22/2022 14:44
410,Longyearbyen,SJ,78.2186,15.6401,48.04,57,75,17.27,6/22/2022 14:44
237,Maldonado,UY,-34.6667,-54.9167,47.59,58,99,13.06,6/22/2022 14:41
253,Ahipara,NZ,-35.1667,173.1667,47.39,83,0,5.21,6/22/2022 14:42
612,Batagay,RU,67.6333,134.6333,47.28,90,85,6.64,6/22/2022 14:46
467,Okhotsk,RU,59.3833,143.3,47.07,91,95,7.45,6/22/2022 14:44
575,Ekhabi,RU,53.5102,142.9671,46.96,95,1,11.54,6/22/2022 14:45
701,Naryan-Mar,RU,67.6713,53.087,46.94,70,93,15.35,6/22/2022 14:47
661,Nizhneangarsk,RU,55.7833,109.55,46.89,82,60,1.1,6/22/2022 14:46
307,Necochea,AR,-38.5473,-58.7368,46.63,50,78,10.11,6/22/2022 14:43
231,Te Karaka,NZ,-38.4654,177.8679,46.47,97,100,1.79,6/22/2022 14:42
370,Vardo,NO,70.3705,31.1107,46.38,93,75,10.36,6/22/2022 14:43
21,Iqaluit,CA,63.7506,-68.5145,46.13,61,0,4.61,6/22/2022 14:40
251,Venado Tuerto,AR,-33.7456,-61.9688,45.77,43,100,12.62,6/22/2022 14:42
282,Petropavlovsk-Kamchatskiy,RU,53.0452,158.6483,45.19,100,100,2.24,6/22/2022 14:43
218,General Pico,AR,-35.6566,-63.7568,45.14,47,69,10.87,6/22/2022 14:42
543,Tres Arroyos,AR,-38.3739,-60.2798,45.14,52,77,4.74,6/22/2022 14:45
149,Hobart,AU,-42.8794,147.3294,45.05,92,62,8.05,6/22/2022 14:40
550,Hammerfest,NO,70.6634,23.6821,45.05,81,75,5.75,6/22/2022 14:45
549,Evensk,RU,61.95,159.2333,44.89,97,100,5.32,6/22/2022 14:45
193,Olafsvik,IS,64.8945,-23.7142,44.67,77,73,19.35,6/22/2022 14:42
399,Berlevag,NO,70.8578,29.0864,44.6,93,100,14.97,6/22/2022 14:44
407,Mehamn,NO,71.0357,27.8492,44.55,87,100,11.5,6/22/2022 14:44
452,Severo-Kurilsk,RU,50.6789,156.125,44.46,97,86,15.57,6/22/2022 14:44
9,Alice Springs,AU,-23.7,133.8833,44.15,81,0,0,6/22/2022 14:40
535,Arman,RU,59.7,150.1667,44.02,97,100,4.76,6/22/2022 14:45
105,New Norfolk,AU,-42.7826,147.0587,43.92,85,73,3.06,6/22/2022 14:41
686,Port Macquarie,AU,-31.4333,152.9167,43.9,69,0,5.75,6/22/2022 14:46
108,Clyde River,CA,70.4692,-68.5914,43.03,81,0,10.36,6/22/2022 14:41
183,Tasiilaq,GL,65.6145,-37.6368,42.96,76,29,4.79,6/22/2022 14:42
261,Nome,US,64.5011,-165.4064,42.87,93,100,16.11,6/22/2022 14:38
16,Qaqortoq,GL,60.7167,-46.0333,42.84,72,0,3.04,6/22/2022 14:40
109,Tuktoyaktuk,CA,69.4541,-133.0374,42.8,75,75,5.75,6/22/2022 14:41
603,Uyuni,BO,-20.4597,-66.825,42.76,13,2,20.47,6/22/2022 14:46
216,Batagay-Alyta,RU,67.8006,130.4114,42.64,89,99,9.98,6/22/2022 14:42
248,Hokitika,NZ,-42.7167,170.9667,42.39,61,100,4.41,6/22/2022 14:42
120,Burns Lake,CA,54.2331,-125.7533,42.22,87,68,4.07,6/22/2022 14:41
327,Ancud,CL,-41.8697,-73.8203,42.22,70,100,8.1,6/22/2022 14:43
220,Provideniya,RU,64.3833,-173.3,41.65,99,100,10.74,6/22/2022 14:42
451,Kaeo,NZ,-35.1,173.7833,41.32,93,1,3,6/22/2022 14:44
106,Barrow,US,71.2906,-156.7887,41.02,93,100,12.66,6/22/2022 14:41
7,Ushuaia,AR,-54.8,-68.3,40.62,81,75,31.07,6/22/2022 14:37
65,Chokurdakh,RU,70.6333,147.9167,40.6,81,100,15.28,6/22/2022 14:41
405,Lavrentiya,RU,65.5833,-171,40.57,98,100,7.27,6/22/2022 14:44
680,Narrabri,AU,-30.3167,149.7833,40.51,78,1,4.79,6/22/2022 14:46
59,Nanortalik,GL,60.1432,-45.2371,39.99,79,16,17.45,6/22/2022 14:41
181,Chumikan,RU,54.7183,135.315,39.96,98,97,2.33,6/22/2022 14:42
296,Husavik,IS,66.0449,-17.3389,39.9,98,100,22.66,6/22/2022 14:43
621,General Roca,AR,-39.0333,-67.5833,39.61,62,100,13.02,6/22/2022 14:45
312,Deputatskiy,RU,69.3,139.9,39.02,84,100,6.53,6/22/2022 14:43
158,Waipawa,NZ,-41.4122,175.5153,38.84,92,3,3.4,6/22/2022 14:41
228,Paamiut,GL,61.994,-49.6678,38.55,83,6,28.07,6/22/2022 14:42
287,Pevek,RU,69.7008,170.3133,38.44,69,100,11.43,6/22/2022 14:43
122,Waitati,NZ,-45.75,170.5667,37.8,82,6,3.38,6/22/2022 14:41
129,Dunedin,NZ,-45.8742,170.5036,37.8,82,6,3.83,6/22/2022 14:41
31,Punta Arenas,CL,-53.15,-70.9167,37.51,81,40,18.41,6/22/2022 14:39
401,Tuatapere,NZ,-46.1333,167.6833,37.51,84,94,4.52,6/22/2022 14:44
112,Dikson,RU,73.5069,80.5464,37.4,94,100,16.69,6/22/2022 14:41
708,San Rafael,AR,-34.6177,-68.3301,37,63,100,3,6/22/2022 14:47
390,Ust-Kuyga,RU,70.0167,135.6,36.97,82,69,5.82,6/22/2022 14:44
225,Tiksi,RU,71.6872,128.8694,36.9,70,29,5.14,6/22/2022 14:37
157,Maniitsoq,GL,65.4167,-52.9,36.57,94,100,5.95,6/22/2022 14:41
116,Qaanaaq,GL,77.484,-69.3632,35.62,75,7,3.11,6/22/2022 14:41
382,Ilulissat,GL,69.2167,-51.1,35.62,87,75,5.75,6/22/2022 14:44
614,Pangnirtung,CA,66.1451,-65.7125,35.6,93,20,8.05,6/22/2022 14:46
379,Comodoro Rivadavia,AR,-45.8667,-67.5,35.46,60,0,4.61,6/22/2022 14:44
316,Aasiaat,GL,68.7098,-52.8699,34.39,96,100,4.99,6/22/2022 14:43
57,Kaitangata,NZ,-46.2817,169.8464,34.14,81,26,4.27,6/22/2022 14:41
374,Leningradskiy,RU,69.3833,178.4167,34.14,78,3,7.7,6/22/2022 14:43
27,Upernavik,GL,72.7868,-56.1549,33.62,99,100,10.25,6/22/2022 14:40
70,Rio Gallegos,AR,-51.6226,-69.2181,32.05,93,0,12.66,6/22/2022 14:41
123,Te Anau,NZ,-45.4167,167.7167,31.62,90,100,1.05,6/22/2022 14:41
38,Bluff,NZ,-46.6,168.3333,30.79,79,65,7.7,6/22/2022 14:37
55,Mataura,NZ,-46.1927,168.8643,29.48,90,71,2.93,6/22/2022 14:41
530,Coihaique,CL,-45.5752,-72.0662,20.01,93,0,0,6/22/2022 14:45
